Workbook

Sheet Day Rates
A1: Illustrative Day Rates — practice-exercise placeholders, not any real agency's actual published rates
A2: Role | B2: Illustrative Rate / Day (USD)
A3: Business Analyst / Project Lead | B3: 450
A4: UX Designer | B4: 400
A5: UI Designer | B5: 400
A6: Backend Developer | B6: 450
A7: Frontend Developer | B7: 450
A8: QA Engineer | B8: 350
A9: Delivery / Account Manager | B9: 500

Sheet Estimate
A1: Phase | B1: Role | C1: Days | D1: Rate / Day | E1: Cost
A2: 0 — Discovery & Governance Alignment | B2: Business Analyst / Project Lead | C2: 10 | D2: =INDEX('Day Rates'!$B$3:$B$9,MATCH(B2,'Day Rates'!$A$3:$A$9,0)) -> 450 | E2: =C2*D2 -> 4500
A3: 0 — Discovery & Governance Alignment | B3: Delivery / Account Manager | C3: 2 | D3: =INDEX('Day Rates'!$B$3:$B$9,MATCH(B3,'Day Rates'!$A$3:$A$9,0)) -> 500 | E3: =C3*D3 -> 1000
A4: 1 — UX Design | B4: Business Analyst / Project Lead | C4: 5 | D4: =INDEX('Day Rates'!$B$3:$B$9,MATCH(B4,'Day Rates'!$A$3:$A$9,0)) -> 450 | E4: =C4*D4 -> 2250
A5: 1 — UX Design | B5: UX Designer | C5: 15 | D5: =INDEX('Day Rates'!$B$3:$B$9,MATCH(B5,'Day Rates'!$A$3:$A$9,0)) -> 400 | E5: =C5*D5 -> 6000
A6: 2 — UI Design | B6: UI Designer | C6: 10 | D6: =INDEX('Day Rates'!$B$3:$B$9,MATCH(B6,'Day Rates'!$A$3:$A$9,0)) -> 400 | E6: =C6*D6 -> 4000
A7: 2 — UI Design | B7: Business Analyst / Project Lead | C7: 2 | D7: =INDEX('Day Rates'!$B$3:$B$9,MATCH(B7,'Day Rates'!$A$3:$A$9,0)) -> 450 | E7: =C7*D7 -> 900
A8: 3 — Development | B8: Backend Developer | C8: 30 | D8: =INDEX('Day Rates'!$B$3:$B$9,MATCH(B8,'Day Rates'!$A$3:$A$9,0)) -> 450 | E8: =C8*D8 -> 13500
A9: 3 — Development | B9: Frontend Developer | C9: 30 | D9: =INDEX('Day Rates'!$B$3:$B$9,MATCH(B9,'Day Rates'!$A$3:$A$9,0)) -> 450 | E9: =C9*D9 -> 13500
A10: 3 — Development | B10: Business Analyst / Project Lead | C10: 6 | D10: =INDEX('Day Rates'!$B$3:$B$9,MATCH(B10,'Day Rates'!$A$3:$A$9,0)) -> 450 | E10: =C10*D10 -> 2700
A11: 4 — QA & Testing | B11: QA Engineer | C11: 10 | D11: =INDEX('Day Rates'!$B$3:$B$9,MATCH(B11,'Day Rates'!$A$3:$A$9,0)) -> 350 | E11: =C11*D11 -> 3500
A12: 4 — QA & Testing | B12: Business Analyst / Project Lead | C12: 2 | D12: =INDEX('Day Rates'!$B$3:$B$9,MATCH(B12,'Day Rates'!$A$3:$A$9,0)) -> 450 | E12: =C12*D12 -> 900
A13: 4 — QA & Testing | B13: Backend Developer | C13: 3 | D13: =INDEX('Day Rates'!$B$3:$B$9,MATCH(B13,'Day Rates'!$A$3:$A$9,0)) -> 450 | E13: =C13*D13 -> 1350
... A26: 7 — Hypercare & Review | B26: Frontend Developer | C26: 2 | D26: =INDEX('Day Rates'!$B$3:$B$9,MATCH(B26,'Day Rates'!$A$3:$A$9,0)) -> 450 | E26: =C26*D26 -> 900
B28: Total | C28: =SUM(C2:C26) -> 172 | E28: =SUM(E2:E26) -> 74650

Sheet Summary by Phase
A1: Phase | B1: Effort (days) | C1: Illustrative Cost
A2: 0 — Discovery & Governance Alignment | B2: =SUMIFS(Estimate!$C$2:$C$26,Estimate!$A$2:$A$26,A2) -> 12 | C2: =SUMIFS(Estimate!$E$2:$E$26,Estimate!$A$2:$A$26,A2) -> 5500
A3: 1 — UX Design | B3: =SUMIFS(Estimate!$C$2:$C$26,Estimate!$A$2:$A$26,A3) -> 20 | C3: =SUMIFS(Estimate!$E$2:$E$26,Estimate!$A$2:$A$26,A3) -> 8250
A4: 2 — UI Design | B4: =SUMIFS(Estimate!$C$2:$C$26,Estimate!$A$2:$A$26,A4) -> 12 | C4: =SUMIFS(Estimate!$E$2:$E$26,Estimate!$A$2:$A$26,A4) -> 4900
A5: 3 — Development | B5: =SUMIFS(Estimate!$C$2:$C$26,Estimate!$A$2:$A$26,A5) -> 66 | C5: =SUMIFS(Estimate!$E$2:$E$26,Estimate!$A$2:$A$26,A5) -> 29700
A6: 4 — QA & Testing | B6: =SUMIFS(Estimate!$C$2:$C$26,Estimate!$A$2:$A$26,A6) -> 18 | C6: =SUMIFS(Estimate!$E$2:$E$26,Estimate!$A$2:$A$26,A6) -> 7100
A7: 5 — Pilot Launch | B7: =SUMIFS(Estimate!$C$2:$C$26,Estimate!$A$2:$A$26,A7) -> 18 | C7: =SUMIFS(Estimate!$E$2:$E$26,Estimate!$A$2:$A$26,A7) -> 7700
A8: 6 — Full Rollout | B8: =SUMIFS(Estimate!$C$2:$C$26,Estimate!$A$2:$A$26,A8) -> 14 | C8: =SUMIFS(Estimate!$E$2:$E$26,Estimate!$A$2:$A$26,A8) -> 6000
A9: 7 — Hypercare & Review | B9: =SUMIFS(Estimate!$C$2:$C$26,Estimate!$A$2:$A$26,A9) -> 12 | C9: =SUMIFS(Estimate!$E$2:$E$26,Estimate!$A$2:$A$26,A9) -> 5500
A11: Total | B11: =SUM(B2:B9) -> 172 | C11: =SUM(C2:C9) -> 74650
A13: Illustrative figures for a practice RFP-response exercise. Not a real agency's actual rates or a committed quote. Excludes KPI expansion, regulatory reporting integration, and the fifth property — each scoped separately once its dependency resolves.
